1,C,T
2,G,T
3,T,C
4,G,C
5,C,A
6,GTCTGGTTTT,G
7,A,G
8,G,A
9,CT,C
10,A,T
11,GT,G
12,T,TG
13,ATACATG,A
14,TTTA,T
15,CA,C
16,C,CT
17,GA,G
18,TG,T
19,CTA,C
20,TAGAGGTGATGAAGTCAGACAAATCGCTCCAGGGCAAACTGG,T
21,TA,T
22,T,G
23,C,G
24,T,A
25,A,AGGTTGCAAT
26,A,AG
27,CTG,C
28,AGTT,A
29,ATGGTCATGTTATGGT,A
30,GGTCATGTTATGGTT,G
31,GGTCATGTTA,G
32,GTT,G
33,TAAC,T
34,AAT,A
35,AG,A
36,G,GT
37,AT,A
38,A,C
39,CTGA,C
40,T,TA
41,AC,A
42,TTTACATTCAACTCAGGAC,T
43,TTA,T
44,GTTT,G
45,TTCAACTTCAATGGTTTA,T
46,TC,T
47,AGGAATT,A
48,CTT,C
49,GCTTGTCTTGTAGGCTTGATGTGGCTCAGCTACTTCATTGCTT,G
50,GTCTTGTAGGCTTGATGTGGCTCAGCTACTTCATTGCT,G
51,CTATAAAT,C
52,A,AT
